source_task,target_task,metric,seed_mean,seed_sd,seed_t95_low,seed_t95_high,n_seeds
Kaggle_Pneumonia,Kaggle_Pneumonia,prevalence,0.621875,0.0,0.621875,0.621875,5
Kaggle_Pneumonia,Kaggle_Pneumonia,auroc,0.9717554715727397,0.006538425104267009,0.9636369445158196,0.9798739986296597,5
Kaggle_Pneumonia,Kaggle_Pneumonia,auprc,0.9790211671389427,0.006084049790431926,0.9714668215508843,0.9865755127270012,5
Kaggle_Pneumonia,Kaggle_Pneumonia,balanced_accuracy_at_0p5,0.8171601810706426,0.05071814776004762,0.7541852829414124,0.8801350791998728,5
Kaggle_Pneumonia,Kaggle_Pneumonia,brier,0.11147929357827598,0.03176152476024505,0.07204215175542218,0.15091643540112976,5
Kaggle_Pneumonia,Kaggle_Pneumonia,ece15,0.13360809168294963,0.040388992048519486,0.08345853433256478,0.18375764903333447,5
Kaggle_Pneumonia,Kaggle_Pneumonia,nll,0.42112285620748213,0.11429488080848484,0.2792070175285959,0.5630386948863684,5
Kaggle_Pneumonia,Kaggle_Pneumonia,high_confidence_coverage,0.8300000000000001,0.02391186617037658,0.8003094966463769,0.8596905033536233,5
Kaggle_Pneumonia,Kaggle_Pneumonia,hcer_all_at_0p90,0.0715625,0.024936442646756977,0.040599816922248816,0.10252518307775119,5
Kaggle_Pneumonia,Kaggle_Pneumonia,hcer_covered_at_0p90,0.08675889765736428,0.031874910097436204,0.04718096934339603,0.12633682597133253,5
Kaggle_Pneumonia,Kaggle_Pneumonia,flags_per_1000,770.9375,47.49074745410942,711.9699486384452,829.9050513615548,5
Kaggle_Pneumonia,RSNA_LungOpacity,prevalence,0.22034778094990917,0.0,0.22034778094990917,0.22034778094990917,5
Kaggle_Pneumonia,RSNA_LungOpacity,auroc,0.8017015788920622,0.01737450659524677,0.7801282795661904,0.823274878217934,5
Kaggle_Pneumonia,RSNA_LungOpacity,auprc,0.4904947344335375,0.028669969504901423,0.4548962654697016,0.5260932033973735,5
Kaggle_Pneumonia,RSNA_LungOpacity,balanced_accuracy_at_0p5,0.6571993133615328,0.05867027941725046,0.5843505396445775,0.7300480870784881,5
Kaggle_Pneumonia,RSNA_LungOpacity,brier,0.42861429212127133,0.07916304913346539,0.3303203840242115,0.5269082002183312,5
Kaggle_Pneumonia,RSNA_LungOpacity,ece15,0.4760313818222589,0.10049237954053734,0.3512536120529449,0.6008091515915729,5
Kaggle_Pneumonia,RSNA_LungOpacity,nll,1.7805046642814666,0.2925573693827731,1.4172467113096765,2.1437626172532567,5
Kaggle_Pneumonia,RSNA_LungOpacity,high_confidence_coverage,0.6698676356086166,0.06571618552708722,0.5882702139403531,0.7514650572768802,5
Kaggle_Pneumonia,RSNA_LungOpacity,hcer_all_at_0p90,0.3369841681806385,0.0551255948961111,0.268536701618572,0.40543163474270494,5
Kaggle_Pneumonia,RSNA_LungOpacity,hcer_covered_at_0p90,0.5119096749866269,0.12135042137791988,0.3612332255948071,0.6625861243784467,5
Kaggle_Pneumonia,RSNA_LungOpacity,flags_per_1000,736.1536465092137,125.28492040006968,580.5918713306226,891.7154216878048,5
Kaggle_Pneumonia,CheXpert_Pneumonia,prevalence,0.6942482341069627,0.0,0.6942482341069627,0.6942482341069627,5
Kaggle_Pneumonia,CheXpert_Pneumonia,auroc,0.6900040294727147,0.006728150147533088,0.6816499276600134,0.6983581312854159,5
Kaggle_Pneumonia,CheXpert_Pneumonia,auprc,0.8209300845304283,0.0045037563141328545,0.8153379324584866,0.8265222366023699,5
Kaggle_Pneumonia,CheXpert_Pneumonia,balanced_accuracy_at_0p5,0.5739197175531506,0.029907302753699464,0.5367848964405016,0.6110545386657996,5
Kaggle_Pneumonia,CheXpert_Pneumonia,brier,0.2555294204357863,0.004207745176601188,0.25030481473638505,0.26075402613518756,5
Kaggle_Pneumonia,CheXpert_Pneumonia,ece15,0.2343218909824723,0.0076914406607495114,0.22477170601969904,0.24387207594524557,5
Kaggle_Pneumonia,CheXpert_Pneumonia,nll,1.1229003738851022,0.09815595916064922,1.001023653186165,1.2447770945840395,5
Kaggle_Pneumonia,CheXpert_Pneumonia,high_confidence_coverage,0.7810292633703331,0.02497349883100826,0.7500205689626863,0.8120379577779798,5
Kaggle_Pneumonia,CheXpert_Pneumonia,hcer_all_at_0p90,0.19899091826437942,0.014295522445752894,0.1812406827079742,0.21674115382078465,5
Kaggle_Pneumonia,CheXpert_Pneumonia,hcer_covered_at_0p90,0.25456523232837597,0.011159048573355826,0.24070944346063294,0.268421021196119,5
Kaggle_Pneumonia,CheXpert_Pneumonia,flags_per_1000,867.6084762865792,57.08852607561506,796.7237087479709,938.4932438251874,5
Kaggle_Pneumonia,CheXpert_LungOpacity,prevalence,0.9490110190952021,1.2412670766236366e-16,0.949011019095202,0.9490110190952022,5
Kaggle_Pneumonia,CheXpert_LungOpacity,auroc,0.7603722010383179,0.012844610262294439,0.7444235109046683,0.7763208911719676,5
Kaggle_Pneumonia,CheXpert_LungOpacity,auprc,0.9807306082298703,0.0011626271499095664,0.9792870159544934,0.9821742005052473,5
Kaggle_Pneumonia,CheXpert_LungOpacity,balanced_accuracy_at_0p5,0.5803821815129857,0.03013615657134895,0.5429632008541099,0.6178011621718615,5
Kaggle_Pneumonia,CheXpert_LungOpacity,brier,0.06828770147036708,0.01157072697785427,0.05392074634892037,0.0826546565918138,5
Kaggle_Pneumonia,CheXpert_LungOpacity,ece15,0.060048821343031564,0.016211815942519987,0.03991919314169863,0.0801784495443645,5
Kaggle_Pneumonia,CheXpert_LungOpacity,nll,0.28162894112814224,0.05183464609432375,0.21726772721318696,0.3459901550430975,5
Kaggle_Pneumonia,CheXpert_LungOpacity,high_confidence_coverage,0.9035794949011018,0.02374619237274034,0.8740947027374493,0.9330642870647543,5
Kaggle_Pneumonia,CheXpert_LungOpacity,hcer_all_at_0p90,0.047758538087742115,0.006454661992486558,0.039744016671097365,0.055773059504386865,5
Kaggle_Pneumonia,CheXpert_LungOpacity,hcer_covered_at_0p90,0.05300755985659905,0.008406432322934523,0.0425695954878748,0.0634455242253233,5
Kaggle_Pneumonia,CheXpert_LungOpacity,flags_per_1000,954.3357744165356,21.22844603360266,927.9771772387996,980.6943715942716,5
RSNA_LungOpacity,Kaggle_Pneumonia,prevalence,0.621875,0.0,0.621875,0.621875,5
RSNA_LungOpacity,Kaggle_Pneumonia,auroc,0.8546949624153827,0.05127836421765329,0.7910244636795424,0.918365461151223,5
RSNA_LungOpacity,Kaggle_Pneumonia,auprc,0.9013303758317068,0.03696949550241411,0.8554266842346032,0.9472340674288104,5
RSNA_LungOpacity,Kaggle_Pneumonia,balanced_accuracy_at_0p5,0.6627953818680178,0.06265322858506243,0.5850011235627146,0.740589640173321,5
RSNA_LungOpacity,Kaggle_Pneumonia,brier,0.24525956574788882,0.047714997126469,0.18601357164155607,0.30450555985422156,5
RSNA_LungOpacity,Kaggle_Pneumonia,ece15,0.27809914310395933,0.06947294011975058,0.191837094507899,0.3643611917000197,5
RSNA_LungOpacity,Kaggle_Pneumonia,nll,0.691890859952178,0.11906858010353798,0.5440476907203736,0.8397340291839824,5
RSNA_LungOpacity,Kaggle_Pneumonia,high_confidence_coverage,0.12593749999999998,0.08892258747078832,0.015525524510396807,0.23634947548960317,5
RSNA_LungOpacity,Kaggle_Pneumonia,hcer_all_at_0p90,0.014687499999999997,0.01588071993408989,-0.005031018207716309,0.034406018207716306,5
RSNA_LungOpacity,Kaggle_Pneumonia,hcer_covered_at_0p90,0.07858589914358119,0.07243554020225423,-0.01135470331599947,0.16852650160316185,5
RSNA_LungOpacity,Kaggle_Pneumonia,flags_per_1000,222.1875,90.96380633251887,109.24101653733152,335.1339834626685,5
RSNA_LungOpacity,RSNA_LungOpacity,prevalence,0.22034778094990917,0.0,0.22034778094990917,0.22034778094990917,5
RSNA_LungOpacity,RSNA_LungOpacity,auroc,0.8869088565069895,0.002379448315409479,0.883954381198159,0.88986333181582,5
RSNA_LungOpacity,RSNA_LungOpacity,auprc,0.6995642326804831,0.00772482680042691,0.6899725933500334,0.7091558720109328,5
RSNA_LungOpacity,RSNA_LungOpacity,balanced_accuracy_at_0p5,0.8006911867804059,0.004626463320508045,0.7949466738363208,0.8064356997244909,5
RSNA_LungOpacity,RSNA_LungOpacity,brier,0.13762937479043297,0.013329336463723487,0.12107881758348281,0.1541799319973831,5
RSNA_LungOpacity,RSNA_LungOpacity,ece15,0.1376936954167834,0.04147527112140027,0.08619534444960031,0.18919204638396647,5
RSNA_LungOpacity,RSNA_LungOpacity,nll,0.42220125761799226,0.038571285698618486,0.37430868080158586,0.47009383443439867,5
RSNA_LungOpacity,RSNA_LungOpacity,high_confidence_coverage,0.4228393459641838,0.08509016501868878,0.31718595145926043,0.5284927404691072,5
RSNA_LungOpacity,RSNA_LungOpacity,hcer_all_at_0p90,0.021541655852582404,0.005499512094580091,0.014713109677056118,0.02837020202810869,5
RSNA_LungOpacity,RSNA_LungOpacity,hcer_covered_at_0p90,0.05191285047604054,0.012189929194106596,0.036777054255065326,0.06704864669701575,5
RSNA_LungOpacity,RSNA_LungOpacity,flags_per_1000,331.43005450298466,43.77660989730858,277.0742140300859,385.7858949758834,5
RSNA_LungOpacity,CheXpert_Pneumonia,prevalence,0.6942482341069627,0.0,0.6942482341069627,0.6942482341069627,5
RSNA_LungOpacity,CheXpert_Pneumonia,auroc,0.7565987412694757,0.012142765906038177,0.741521506005332,0.7716759765336194,5
RSNA_LungOpacity,CheXpert_Pneumonia,auprc,0.8627371483243966,0.00635682861164313,0.8548441030945677,0.8706301935542256,5
RSNA_LungOpacity,CheXpert_Pneumonia,balanced_accuracy_at_0p5,0.6467908128022104,0.02671926211326515,0.6136144669775991,0.6799671586268217,5
RSNA_LungOpacity,CheXpert_Pneumonia,brier,0.29883962610659803,0.046252825230091665,0.24140915820318237,0.3562700940100137,5
RSNA_LungOpacity,CheXpert_Pneumonia,ece15,0.32170177769445485,0.06832744226205668,0.23686205254831255,0.40654150284059715,5
RSNA_LungOpacity,CheXpert_Pneumonia,nll,0.8984948292523406,0.155633953593694,0.7052497521769351,1.0917399063277462,5
RSNA_LungOpacity,CheXpert_Pneumonia,high_confidence_coverage,0.2676084762865792,0.09252349617153265,0.15272538210244307,0.3824915704707153,5
RSNA_LungOpacity,CheXpert_Pneumonia,hcer_all_at_0p90,0.09404641775983855,0.045979150053609405,0.036955762470262964,0.15113707304941412,5
RSNA_LungOpacity,CheXpert_Pneumonia,hcer_covered_at_0p90,0.3345295385779578,0.07252440144320234,0.24447860031465618,0.42458047684125944,5
RSNA_LungOpacity,CheXpert_Pneumonia,flags_per_1000,339.0514631685166,92.09771309065295,224.69704850695308,453.4058778300801,5
RSNA_LungOpacity,CheXpert_LungOpacity,prevalence,0.9490110190952021,1.2412670766236366e-16,0.949011019095202,0.9490110190952022,5
RSNA_LungOpacity,CheXpert_LungOpacity,auroc,0.80674644270133,0.0074650397775368575,0.7974773715644035,0.8160155138382565,5
RSNA_LungOpacity,CheXpert_LungOpacity,auprc,0.9847674248473017,0.00042416993332442356,0.9842407483119723,0.9852941013826312,5
RSNA_LungOpacity,CheXpert_LungOpacity,balanced_accuracy_at_0p5,0.6583591073525412,0.04957241175487742,0.5968068283723768,0.7199113863327057,5
RSNA_LungOpacity,CheXpert_LungOpacity,brier,0.37566654241710146,0.09912623023351942,0.25258507105848266,0.49874801377572026,5
RSNA_LungOpacity,CheXpert_LungOpacity,ece15,0.5333706452592735,0.09088386254644783,0.4205234251176495,0.6462178654008974,5
RSNA_LungOpacity,CheXpert_LungOpacity,nll,1.0866677967046565,0.28858895862499345,0.7283372765008858,1.4449983169084273,5
RSNA_LungOpacity,CheXpert_LungOpacity,high_confidence_coverage,0.1533639039080145,0.07313878306960706,0.06255011009804824,0.24417769771798076,5
RSNA_LungOpacity,CheXpert_LungOpacity,hcer_all_at_0p90,0.10420915748408732,0.0627580525117887,0.026284743082817835,0.1821335718853568,5
RSNA_LungOpacity,CheXpert_LungOpacity,hcer_covered_at_0p90,0.6361017138275987,0.1825715880668824,0.4094091458300625,0.862794281825135,5
RSNA_LungOpacity,CheXpert_LungOpacity,flags_per_1000,374.14276914653345,143.60097075401976,195.83861365415515,552.4469246389117,5
CheXpert_Pneumonia,Kaggle_Pneumonia,prevalence,0.621875,0.0,0.621875,0.621875,5
CheXpert_Pneumonia,Kaggle_Pneumonia,auroc,0.7071244653017151,0.06683911616085245,0.6241327410930251,0.7901161895104052,5
CheXpert_Pneumonia,Kaggle_Pneumonia,auprc,0.7690583537429447,0.0561876893640661,0.6992921227173272,0.8388245847685623,5
CheXpert_Pneumonia,Kaggle_Pneumonia,balanced_accuracy_at_0p5,0.558025665517671,0.06579841514975272,0.4763261422873577,0.6397251887479842,5
CheXpert_Pneumonia,Kaggle_Pneumonia,brier,0.33058925060720823,0.06192800714119768,0.2536954736594773,0.40748302755493915,5
CheXpert_Pneumonia,Kaggle_Pneumonia,ece15,0.3415776645826296,0.06774653577627601,0.25745923010620425,0.425696099059055,5
CheXpert_Pneumonia,Kaggle_Pneumonia,nll,0.9079825579286365,0.1646256292553302,0.7035728409006522,1.1123922749566206,5
CheXpert_Pneumonia,Kaggle_Pneumonia,high_confidence_coverage,0.12593749999999998,0.08670537622099914,0.018278555895672413,0.23359644410432756,5
CheXpert_Pneumonia,Kaggle_Pneumonia,hcer_all_at_0p90,0.038125,0.042998569198579153,-0.015264775348149115,0.09151477534814911,5
CheXpert_Pneumonia,Kaggle_Pneumonia,hcer_covered_at_0p90,0.23327267376775299,0.1299610112498124,0.07190476492870623,0.39464058260679974,5
CheXpert_Pneumonia,Kaggle_Pneumonia,flags_per_1000,114.375,88.90062042809375,3.9903001964576816,224.75969980354233,5
CheXpert_Pneumonia,RSNA_LungOpacity,prevalence,0.22034778094990917,0.0,0.22034778094990917,0.22034778094990917,5
CheXpert_Pneumonia,RSNA_LungOpacity,auroc,0.7917358716058212,0.013940279275936876,0.7744267287039842,0.8090450145076581,5
CheXpert_Pneumonia,RSNA_LungOpacity,auprc,0.4750526982595253,0.030215459124410343,0.4375352504755475,0.5125701460435031,5
CheXpert_Pneumonia,RSNA_LungOpacity,balanced_accuracy_at_0p5,0.7179594462977514,0.018085203182602597,0.6955037006057136,0.7404151919897892,5
CheXpert_Pneumonia,RSNA_LungOpacity,brier,0.20820847296036957,0.03724694632308015,0.1619602806679728,0.25445666525276633,5
CheXpert_Pneumonia,RSNA_LungOpacity,ece15,0.21464200098990296,0.08670953702075221,0.10697789057031827,0.32230611140948767,5
CheXpert_Pneumonia,RSNA_LungOpacity,nll,0.6376002782327693,0.12156686912296188,0.4866550734684385,0.7885454829971001,5
CheXpert_Pneumonia,RSNA_LungOpacity,high_confidence_coverage,0.2715805865559304,0.08630753427445578,0.16441562847360103,0.3787455446382598,5
CheXpert_Pneumonia,RSNA_LungOpacity,hcer_all_at_0p90,0.050142745912276146,0.025805702548133903,0.01810073410990308,0.08218475771464921,5
CheXpert_Pneumonia,RSNA_LungOpacity,hcer_covered_at_0p90,0.20188059822901674,0.11441835194009414,0.059811449891193774,0.34394974656683974,5
CheXpert_Pneumonia,RSNA_LungOpacity,flags_per_1000,391.279522450039,104.51757603516833,261.50381110764573,521.0552337924323,5
CheXpert_Pneumonia,CheXpert_Pneumonia,prevalence,0.6942482341069627,0.0,0.6942482341069627,0.6942482341069627,5
CheXpert_Pneumonia,CheXpert_Pneumonia,auroc,0.7577173996469414,0.005149296371730353,0.7513237037260826,0.7641110955678002,5
CheXpert_Pneumonia,CheXpert_Pneumonia,auprc,0.8520256292719605,0.0043660938877191306,0.8466044076788021,0.8574468508651188,5
CheXpert_Pneumonia,CheXpert_Pneumonia,balanced_accuracy_at_0p5,0.7060849834983498,0.006910019093831021,0.6975050615626393,0.7146649054340604,5
CheXpert_Pneumonia,CheXpert_Pneumonia,brier,0.20028114360565627,0.010865034339221778,0.18679042162739695,0.2137718655839156,5
CheXpert_Pneumonia,CheXpert_Pneumonia,ece15,0.1486750787073898,0.029964011936668585,0.1114698438438805,0.1858803135708991,5
CheXpert_Pneumonia,CheXpert_Pneumonia,nll,0.6036546420963363,0.02592254837645123,0.5714675470356013,0.6358417371570714,5
CheXpert_Pneumonia,CheXpert_Pneumonia,high_confidence_coverage,0.2221997981836529,0.051628116575409985,0.1580950245368992,0.2863045718304066,5
CheXpert_Pneumonia,CheXpert_Pneumonia,hcer_all_at_0p90,0.03794147325933401,0.004197100775597462,0.032730084329441536,0.04315286218922648,5
CheXpert_Pneumonia,CheXpert_Pneumonia,hcer_covered_at_0p90,0.17580395938026414,0.031907830053738914,0.13618515554173238,0.2154227632187959,5
CheXpert_Pneumonia,CheXpert_Pneumonia,flags_per_1000,569.3239152371342,43.18704788570252,515.7001126887553,622.9477177855131,5
CheXpert_Pneumonia,CheXpert_LungOpacity,prevalence,0.9490110190952021,1.2412670766236366e-16,0.949011019095202,0.9490110190952022,5
CheXpert_Pneumonia,CheXpert_LungOpacity,auroc,0.7949107904322968,0.01601814765836147,0.7750216331669975,0.8147999476975962,5
CheXpert_Pneumonia,CheXpert_LungOpacity,auprc,0.9830170099838575,0.0008117252980102886,0.9820091199048869,0.9840249000628282,5
CheXpert_Pneumonia,CheXpert_LungOpacity,balanced_accuracy_at_0p5,0.7298787628857996,0.017811652138486747,0.7077626756769114,0.7519948500946877,5
CheXpert_Pneumonia,CheXpert_LungOpacity,brier,0.19001337112723662,0.021292438104024695,0.1635753172994871,0.21645142495498615,5
CheXpert_Pneumonia,CheXpert_LungOpacity,ece15,0.33080787603353995,0.03453475191537423,0.2879273178933212,0.3736884341737587,5
CheXpert_Pneumonia,CheXpert_LungOpacity,nll,0.5614951403424872,0.05594653572730547,0.4920283411056712,0.6309619395793031,5
CheXpert_Pneumonia,CheXpert_LungOpacity,high_confidence_coverage,0.14802546026965985,0.05236857874810159,0.08300128140104324,0.21304963913827646,5
CheXpert_Pneumonia,CheXpert_LungOpacity,hcer_all_at_0p90,0.012702758195879817,0.005192682502084402,0.00625519127893896,0.019150325112820676,5
CheXpert_Pneumonia,CheXpert_LungOpacity,hcer_covered_at_0p90,0.10552436512971,0.0855780467212738,-0.0007348145206955425,0.21178354478011555,5
CheXpert_Pneumonia,CheXpert_LungOpacity,flags_per_1000,658.0384641708303,45.03322639345777,602.1223282351141,713.9546001065464,5
CheXpert_LungOpacity,Kaggle_Pneumonia,prevalence,0.621875,0.0,0.621875,0.621875,5
CheXpert_LungOpacity,Kaggle_Pneumonia,auroc,0.9280680260808172,0.013663777035233174,0.9111022060566848,0.9450338461049496,5
CheXpert_LungOpacity,Kaggle_Pneumonia,auprc,0.9577413026455627,0.007274908275862066,0.9487083109491901,0.9667742943419353,5
CheXpert_LungOpacity,Kaggle_Pneumonia,balanced_accuracy_at_0p5,0.778921466838324,0.04489296145483585,0.7231794928271049,0.834663440849543,5
CheXpert_LungOpacity,Kaggle_Pneumonia,brier,0.19120478700167032,0.04552206115174709,0.13468168254551566,0.24772789145782498,5
CheXpert_LungOpacity,Kaggle_Pneumonia,ece15,0.24636715765837355,0.06892785636380712,0.1607819199380739,0.3319523953786732,5
CheXpert_LungOpacity,Kaggle_Pneumonia,nll,0.5754260771497284,0.12479602195119514,0.42047134957388244,0.7303808047255743,5
CheXpert_LungOpacity,Kaggle_Pneumonia,high_confidence_coverage,0.25187499999999996,0.13881385777138752,0.07951483035348994,0.42423516964651,5
CheXpert_LungOpacity,Kaggle_Pneumonia,hcer_all_at_0p90,0.03625,0.03881798471713852,-0.01194889410609492,0.08444889410609491,5
CheXpert_LungOpacity,Kaggle_Pneumonia,hcer_covered_at_0p90,0.10521447451569085,0.09402654307276963,-0.011534898893322959,0.22196384792470467,5
CheXpert_LungOpacity,Kaggle_Pneumonia,flags_per_1000,378.125,71.71347338976825,289.08096190578095,467.16903809421905,5
CheXpert_LungOpacity,RSNA_LungOpacity,prevalence,0.22034778094990917,0.0,0.22034778094990917,0.22034778094990917,5
CheXpert_LungOpacity,RSNA_LungOpacity,auroc,0.8272789010020404,0.010389610273011341,0.8143784959706742,0.8401793060334065,5
CheXpert_LungOpacity,RSNA_LungOpacity,auprc,0.5310219816016698,0.02583086545492728,0.4989487259238412,0.5630952372794984,5
CheXpert_LungOpacity,RSNA_LungOpacity,balanced_accuracy_at_0p5,0.7471133110309145,0.013317145109036478,0.7305778913901685,0.7636487306716605,5
CheXpert_LungOpacity,RSNA_LungOpacity,brier,0.16159628103632231,0.015672111765820274,0.14213678408087763,0.181055777991767,5
CheXpert_LungOpacity,RSNA_LungOpacity,ece15,0.1275778704010508,0.042031481029067105,0.0753888936160736,0.17976684718602803,5
CheXpert_LungOpacity,RSNA_LungOpacity,nll,0.4804484810529628,0.046468605909593064,0.4227500860483023,0.5381468760576232,5
CheXpert_LungOpacity,RSNA_LungOpacity,high_confidence_coverage,0.4007786140669608,0.05281085392393959,0.3352052780352069,0.4663519500987147,5
CheXpert_LungOpacity,RSNA_LungOpacity,hcer_all_at_0p90,0.020399688554373213,0.00783056794700955,0.010676754249083075,0.03012262285966335,5
CheXpert_LungOpacity,RSNA_LungOpacity,hcer_covered_at_0p90,0.05248714437922901,0.024460939540489064,0.022114876389564758,0.08285941236889326,5
CheXpert_LungOpacity,RSNA_LungOpacity,flags_per_1000,357.43576433947567,44.192931538447446,302.5629922731017,412.3085364058496,5
CheXpert_LungOpacity,CheXpert_Pneumonia,prevalence,0.6942482341069627,0.0,0.6942482341069627,0.6942482341069627,5
CheXpert_LungOpacity,CheXpert_Pneumonia,auroc,0.7582057333640341,0.004893787717791237,0.7521292933400009,0.7642821733880673,5
CheXpert_LungOpacity,CheXpert_Pneumonia,auprc,0.8544147746288431,0.010110099394536047,0.841861428192386,0.8669681210653002,5
CheXpert_LungOpacity,CheXpert_Pneumonia,balanced_accuracy_at_0p5,0.7007209877964541,0.008452013092332417,0.6902264274273581,0.7112155481655501,5
CheXpert_LungOpacity,CheXpert_Pneumonia,brier,0.2220932177982014,0.01700550656372091,0.2009780925268113,0.2432083430695915,5
CheXpert_LungOpacity,CheXpert_Pneumonia,ece15,0.17854105003289386,0.03464936526935667,0.13551818061732174,0.22156391944846598,5
CheXpert_LungOpacity,CheXpert_Pneumonia,nll,0.6686175455048691,0.055221344214484984,0.6000511904613253,0.7371839005484129,5
CheXpert_LungOpacity,CheXpert_Pneumonia,high_confidence_coverage,0.2322906155398587,0.05210908243898671,0.16758864389593678,0.29699258718378063,5
CheXpert_LungOpacity,CheXpert_Pneumonia,hcer_all_at_0p90,0.05529767911200807,0.020929629889941806,0.02931011118193787,0.08128524704207828,5
CheXpert_LungOpacity,CheXpert_Pneumonia,hcer_covered_at_0p90,0.23368590928531924,0.04980451706224778,0.17184543350120096,0.2955263850694375,5
CheXpert_LungOpacity,CheXpert_Pneumonia,flags_per_1000,563.0676084762865,49.547865578974424,501.54580759903433,624.5894093535387,5
CheXpert_LungOpacity,CheXpert_LungOpacity,prevalence,0.9490110190952021,1.2412670766236366e-16,0.949011019095202,0.9490110190952022,5
CheXpert_LungOpacity,CheXpert_LungOpacity,auroc,0.8622341645878044,0.0027636674311896483,0.858802618235488,0.8656657109401209,5
CheXpert_LungOpacity,CheXpert_LungOpacity,auprc,0.9887330428031044,0.0005448953532645111,0.9880564658601673,0.9894096197460415,5
CheXpert_LungOpacity,CheXpert_LungOpacity,balanced_accuracy_at_0p5,0.7976396032204699,0.0028601079002372478,0.7940883102097671,0.8011908962311727,5
CheXpert_LungOpacity,CheXpert_LungOpacity,brier,0.16206061580929632,0.028247486296860507,0.1269867290347304,0.19713450258386223,5
CheXpert_LungOpacity,CheXpert_LungOpacity,ece15,0.28920520090798457,0.03911455143496362,0.2406380705853008,0.33777233123066835,5
CheXpert_LungOpacity,CheXpert_LungOpacity,nll,0.5136041123294224,0.08402823598226113,0.40926927687767845,0.6179389477811663,5
CheXpert_LungOpacity,CheXpert_LungOpacity,high_confidence_coverage,0.1548969954144138,0.055514888897421594,0.08596615650620341,0.22382783432262415,5
CheXpert_LungOpacity,CheXpert_LungOpacity,hcer_all_at_0p90,0.032290739853535005,0.01834549846885015,0.00951179487566145,0.05506968483140856,5
CheXpert_LungOpacity,CheXpert_LungOpacity,hcer_covered_at_0p90,0.24242492562095724,0.17640067856312974,0.023394553790404116,0.46145529745151037,5
CheXpert_LungOpacity,CheXpert_LungOpacity,flags_per_1000,765.6286359592089,38.12843174442884,718.2859349541819,812.9713369642358,5


