source_task,target_task,n_images,n_positive,n_negative,n_bootstrap_clusters,bootstrap_unit,n_seed_ensemble_members,source_youden_threshold_mean,ensemble_prevalence,ensemble_auroc,ensemble_auprc,ensemble_balanced_accuracy_at_0p5,ensemble_brier,ensemble_ece15,ensemble_nll,ensemble_high_confidence_coverage,ensemble_hcer_all_at_0p90,ensemble_hcer_covered_at_0p90,ensemble_flags_per_1000,prevalence_bootstrap95_low,auroc_bootstrap95_low,auprc_bootstrap95_low,balanced_accuracy_at_0p5_bootstrap95_low,brier_bootstrap95_low,ece15_bootstrap95_low,nll_bootstrap95_low,high_confidence_coverage_bootstrap95_low,hcer_all_at_0p90_bootstrap95_low,hcer_covered_at_0p90_bootstrap95_low,flags_per_1000_bootstrap95_low,prevalence_bootstrap95_high,auroc_bootstrap95_high,auprc_bootstrap95_high,balanced_accuracy_at_0p5_bootstrap95_high,brier_bootstrap95_high,ece15_bootstrap95_high,nll_bootstrap95_high,high_confidence_coverage_bootstrap95_high,hcer_all_at_0p90_bootstrap95_high,hcer_covered_at_0p90_bootstrap95_high,flags_per_1000_bootstrap95_high
Kaggle_Pneumonia,Kaggle_Pneumonia,640,398,242,640,image (patient ID unavailable),5,0.4145564986876936,0.621875,0.9800137048880768,0.9870816770233822,0.8189916524772624,0.10000730821694578,0.13360809167263693,0.3490043637788481,0.7703125,0.053125,0.06896551724137931,768.75,0.5859375,0.9702244797469065,0.9803155134414945,0.7859876591423886,0.08176840000816984,0.11232581888978237,0.28345451715692616,0.7366796875,0.0359375,0.047578546343910705,735.9375,0.6617578125,0.9880012180844957,0.9927206204358032,0.8510574786304653,0.11947021892753192,0.1556175300132573,0.4181509124781542,0.80625,0.0703125,0.0910057048214943,802.3828125
Kaggle_Pneumonia,RSNA_LungOpacity,3853,849,3004,3853,patient,5,0.4145564986876936,0.22034778094990917,0.8131548982981466,0.5050833270072226,0.6721177809250014,0.40039699306689236,0.474559186819666,1.5463054128045568,0.5291980275110304,0.28445367246301584,0.5375183913683178,740.4619776797301,0.20839605502206074,0.7978621603270126,0.4673535388158719,0.661800012844795,0.3878252580096003,0.46176496239130105,1.491448292445466,0.514404360238775,0.2703023617960031,0.5162002736420018,726.966000519076,0.2334609395276408,0.8278652161051299,0.5383319488024776,0.6829196783525812,0.41187080905219053,0.48696213088629264,1.599320359394111,0.5458084609395276,0.29860498313002853,0.5579867584988104,752.0179081235401
Kaggle_Pneumonia,CheXpert_Pneumonia,991,688,303,859,patient,5,0.4145564986876936,0.6942482341069627,0.6987393506792539,0.8292486462507086,0.5726936065699594,0.24239599419245925,0.21094134371148845,0.9695011193120768,0.7083753784056509,0.16347124117053483,0.23076923076923078,877.9011099899092,0.6671598859059109,0.6636606133862886,0.795854611082376,0.5472212584969742,0.21952484578229878,0.18956231408486066,0.8694056205855947,0.6794494790923362,0.14056275210121363,0.20083007607279452,855.2839226261962,0.7220565448044359,0.7321172727510223,0.8629905118447684,0.5988197670603328,0.26159782077972715,0.23872227741815671,1.0623370633336975,0.7372362919015713,0.18421341027017354,0.2603377298161471,898.2329258005706
Kaggle_Pneumonia,CheXpert_LungOpacity,14611,13866,745,5842,patient,5,0.4145564986876936,0.9490110190952022,0.7753466787090628,0.982615748908996,0.5764510167790076,0.06281722789825854,0.05254767386956437,0.23627384131693308,0.876120730956129,0.03620559852166176,0.04132489649246153,959.4825816165903,0.9452821957200016,0.7593541301656133,0.980317208083641,0.5627003128552107,0.05884123485947204,0.0480264777013565,0.2212052681858857,0.8681599957550801,0.03291275606562627,0.037584387460697075,955.6299859406415,0.9530584411422575,0.7951308950652918,0.9847840923594503,0.5921735888851568,0.06649298256350998,0.05700879099943495,0.2505969150247965,0.8836107034411261,0.03944059653705308,0.04492484130486814,962.9885390765261
RSNA_LungOpacity,Kaggle_Pneumonia,640,398,242,640,image (patient ID unavailable),5,0.5133023539750282,0.621875,0.9056958345446239,0.9368026414578194,0.6546056729930645,0.23269234433139738,0.28820018820837456,0.6496881556745645,0.0578125,0.003125,0.05405405405405406,192.1875,0.5828125,0.8794776607366876,0.9118303603431791,0.6282785739438072,0.2168997082954029,0.26307770968926614,0.6139616629736647,0.040625,0.0,0.0,159.375,0.6586328125,0.9308873440893444,0.9576788883050967,0.6796351360388246,0.24929929635424922,0.3207206532873197,0.6884392939873013,0.0765625,0.0078125,0.13249999999999995,221.13281249999997
RSNA_LungOpacity,RSNA_LungOpacity,3853,849,3004,3853,patient,5,0.5133023539750282,0.22034778094990917,0.8959890934584276,0.7202981737565156,0.8096687730062312,0.12973631733914598,0.13769369541678345,0.40024004738371344,0.38930703348040485,0.012457825071372957,0.032,322.8652997664158,0.20763041785621594,0.8852023386482536,0.686517639877185,0.7936681931749154,0.12372798397533585,0.1273632109114123,0.3848058863974859,0.37411757072411106,0.009083830781209447,0.023677220131434553,308.5777316376849,0.2334609395276408,0.9060243503737911,0.7476108928287784,0.8244622406520319,0.1368579831475436,0.14803283452505991,0.4186939817849324,0.40618998183233845,0.016227614845574872,0.04182885653556044,337.7952245003893
RSNA_LungOpacity,CheXpert_Pneumonia,991,688,303,859,patient,5,0.5133023539750282,0.6942482341069627,0.7682813339473482,0.8693474502340597,0.6518199785094789,0.2872792979905877,0.32082724433757626,0.8300499634531271,0.20282542885973764,0.06256306760847628,0.30845771144278605,336.02421796165487,0.664626432706053,0.7354281954780877,0.8416647401173706,0.6252869583302317,0.268835995294735,0.29272414210942266,0.7785000564133625,0.17812693704064464,0.047297235856258606,0.2431735751295337,300.2403599536867,0.7225605575810434,0.8006009124362073,0.8951152278529713,0.6795742162911368,0.3059703613451807,0.34691492253310896,0.8833091566301584,0.23175686873319296,0.07669220292815798,0.3772913770982572,366.96935483870965
RSNA_LungOpacity,CheXpert_LungOpacity,14611,13866,745,5842,patient,5,0.5133023539750282,0.9490110190952022,0.8242520694238333,0.986373976055873,0.6536973738089499,0.35993390276833903,0.5333706452592735,0.9935518549646745,0.08452535760728218,0.05708028197933064,0.6753036437246963,347.95701868455274,0.9449805626989021,0.8079603372193305,0.9842535980249788,0.6421519909774666,0.35261800082565203,0.5271665112486885,0.9754612453335906,0.07933254032755888,0.05292763770345618,0.6458776087476925,334.3814996739329,0.9531713391789061,0.840522189582205,0.9883808645725475,0.6649277221945024,0.3663240974551309,0.5396838852803303,1.0104460618443047,0.08945300777698627,0.061373170437011924,0.7039624921613712,361.2392592814856
CheXpert_Pneumonia,Kaggle_Pneumonia,640,398,242,640,image (patient ID unavailable),5,0.5246287392443569,0.621875,0.7581814028821795,0.8024481912284107,0.5399206777690103,0.3153152109906229,0.33983736676503945,0.8403457026809145,0.0546875,0.0015625,0.02857142857142857,56.25,0.5875,0.7179552133707291,0.7584431603165276,0.5225917401417766,0.3004645358219846,0.3102865180128157,0.8051431621657653,0.0375,0.0,0.0,42.1875,0.6625,0.7966485463485434,0.850513390225139,0.556721041603799,0.33413961174250245,0.3789744132760621,0.8832353594581424,0.075,0.0046875,0.09090909090909091,73.4375
CheXpert_Pneumonia,RSNA_LungOpacity,3853,849,3004,3853,patient,5,0.5246287392443569,0.22034778094990917,0.8176843909730097,0.5070120941652205,0.7458953433113916,0.1867681234178197,0.214642000989903,0.5607863451460087,0.14819621074487413,0.020503503763301324,0.138353765323993,387.74980534648324,0.20671554632753697,0.8051795807123339,0.47397483295572435,0.730896247180535,0.18002935665836198,0.20092372757151863,0.5429818460913872,0.13508305216714248,0.016350895406177006,0.11138930025916327,371.2626524785881,0.23372047754996106,0.8316495343044847,0.5443937682748266,0.7624492911831204,0.19314366115761983,0.22536321686850277,0.5776833536119861,0.1600246561121204,0.024915650142745913,0.16743469494274155,403.19880612509735
CheXpert_Pneumonia,CheXpert_Pneumonia,991,688,303,859,patient,5,0.5246287392443569,0.6942482341069627,0.7801778724384066,0.8627425022616655,0.7344025827001305,0.18544125128131436,0.14136302255634378,0.558611741058245,0.13925327951564076,0.02320887991927346,0.16666666666666666,570.1311806256307,0.6671721988187725,0.746293043049605,0.8349807383936442,0.7035316668293693,0.1715905096674138,0.11966262258264908,0.5245351446089369,0.11625460222771124,0.01477068868546604,0.11311123553564763,534.0020620001096,0.7218678178178178,0.8109210844221787,0.8921922682822573,0.7627756500617893,0.1989742668501055,0.16653663041865222,0.5934672832865105,0.16163213459900208,0.032454858472786445,0.23373116317400516,600.3137450199202
CheXpert_Pneumonia,CheXpert_LungOpacity,14611,13866,745,5842,patient,5,0.5246287392443569,0.9490110190952022,0.827398193834177,0.9860253182903379,0.7564225467731895,0.1748878473886869,0.33080787603353984,0.5262572933645383,0.07124769009650264,0.003695845595783998,0.05187319884726225,686.8797481349668,0.944934904103968,0.8104261002347477,0.9837025071197206,0.7417548398562116,0.17088901739374945,0.3253146859737534,0.516931687059518,0.06583340704436597,0.002714850677095444,0.0384398246029957,675.1414716654879,0.9526861930234799,0.8431207990260249,0.9879064177291724,0.7705658227020661,0.17914240742877427,0.33684138586320617,0.5363970960366706,0.07732042457592914,0.004764908976899104,0.06626576157042556,696.9961269079974
CheXpert_LungOpacity,Kaggle_Pneumonia,640,398,242,640,image (patient ID unavailable),5,0.47502417652793893,0.621875,0.9446405581627144,0.9677637706151454,0.7923501806553428,0.17982701231301174,0.2493463431868792,0.5343442313651712,0.1828125,0.0046875,0.02564102564102564,376.5625,0.5835546875,0.9280235440209165,0.9572774227307471,0.7687294384690088,0.1604638768498589,0.22522271531536966,0.485560336518396,0.1546875,0.0,0.0,339.0625,0.6609375,0.9597239094691647,0.9770648358939329,0.8167146398309256,0.19703579874616392,0.27725692715922856,0.5768308536197918,0.215625,0.0109375,0.06048197492163009,415.625
CheXpert_LungOpacity,RSNA_LungOpacity,3853,849,3004,3853,patient,5,0.47502417652793893,0.22034778094990917,0.8347217451721224,0.546578141558985,0.7582775380764399,0.1547723682934375,0.12629943196633897,0.4598309141238383,0.3659486114715806,0.008305216714248637,0.02269503546099291,357.38385673501165,0.20775369841681807,0.8201185630036694,0.5122160000227244,0.7423835118314801,0.14727807648569632,0.11450469123823734,0.4408855828229783,0.3492019205813652,0.0057098364910459385,0.015858938894914378,342.19439397871787,0.2352906825849987,0.8474286801741909,0.5827322885215148,0.7750307551965296,0.16293156790735136,0.13655954149220603,0.4804210089223567,0.37985336101738904,0.011419672982091877,0.030819817456512494,373.6114715805865
CheXpert_LungOpacity,CheXpert_Pneumonia,991,688,303,859,patient,5,0.47502417652793893,0.6942482341069627,0.7651201166628291,0.8594134095784189,0.7011690267863995,0.2148276635491806,0.17167230030415134,0.6394401514284118,0.17457114026236126,0.04137235116044399,0.23699421965317918,563.0676084762865,0.6623508968966212,0.732410254840086,0.8260396266116569,0.6725275000585188,0.19880903609186082,0.151263222293369,0.5960390665315091,0.1494463559901807,0.029962074303405573,0.1812673611111111,526.0399830969162,0.723000952308548,0.7965643946509748,0.8909464256037345,0.7290262318113337,0.23182323813969857,0.2023349916987871,0.684122939284638,0.19686675272518647,0.05322206373218014,0.2988418797697148,595.6305987448876
CheXpert_LungOpacity,CheXpert_LungOpacity,14611,13866,745,5842,patient,5,0.47502417652793893,0.9490110190952022,0.8696918830958251,0.9895109698825062,0.8102288248886513,0.155304524755715,0.28920520090798457,0.49131786117521314,0.08514133187324618,0.021969748819382656,0.2580385852090032,773.3899117103552,0.9448109684917347,0.8532196246796014,0.9875496237215469,0.7962355146024087,0.15032127219830804,0.2829803853540261,0.4787471146402898,0.07937977063770611,0.019440230017003044,0.2293927541110938,763.1385573133673,0.9531388819710185,0.8839872722491978,0.9912971905207024,0.8235590211686636,0.16050862439422553,0.29519610794093537,0.504350880045588,0.0917467037840479,0.024528716639189586,0.2866193475703941,783.2096365523646


