source_task,seed,threshold,selection_rule
Kaggle_Pneumonia,42,0.2666629717367679,Maximize sensitivity + specificity - 1 on source validation only.
Kaggle_Pneumonia,1337,0.2477256342144919,Maximize sensitivity + specificity - 1 on source validation only.
Kaggle_Pneumonia,2025,0.4171089695304553,Maximize sensitivity + specificity - 1 on source validation only.
Kaggle_Pneumonia,7,0.6853891591737086,Maximize sensitivity + specificity - 1 on source validation only.
Kaggle_Pneumonia,99,0.4558957587830444,Maximize sensitivity + specificity - 1 on source validation only.
RSNA_LungOpacity,42,0.6258334625971932,Maximize sensitivity + specificity - 1 on source validation only.
RSNA_LungOpacity,1337,0.3795656920146477,Maximize sensitivity + specificity - 1 on source validation only.
RSNA_LungOpacity,2025,0.5424386133860633,Maximize sensitivity + specificity - 1 on source validation only.
RSNA_LungOpacity,7,0.5510619974909182,Maximize sensitivity + specificity - 1 on source validation only.
RSNA_LungOpacity,99,0.4676120043863188,Maximize sensitivity + specificity - 1 on source validation only.
CheXpert_Pneumonia,42,0.5558048463015065,Maximize sensitivity + specificity - 1 on source validation only.
CheXpert_Pneumonia,1337,0.4390906463747595,Maximize sensitivity + specificity - 1 on source validation only.
CheXpert_Pneumonia,2025,0.4939367535043021,Maximize sensitivity + specificity - 1 on source validation only.
CheXpert_Pneumonia,7,0.6281569405737235,Maximize sensitivity + specificity - 1 on source validation only.
CheXpert_Pneumonia,99,0.5061545094674932,Maximize sensitivity + specificity - 1 on source validation only.
CheXpert_LungOpacity,42,0.4884127397361657,Maximize sensitivity + specificity - 1 on source validation only.
CheXpert_LungOpacity,1337,0.3645432269149203,Maximize sensitivity + specificity - 1 on source validation only.
CheXpert_LungOpacity,2025,0.4868974719975149,Maximize sensitivity + specificity - 1 on source validation only.
CheXpert_LungOpacity,7,0.4381902537061574,Maximize sensitivity + specificity - 1 on source validation only.
CheXpert_LungOpacity,99,0.5970771902849366,Maximize sensitivity + specificity - 1 on source validation only.


